k,label,no_result,no_result_w_reason,wrong,wrong_w_reason,contains,contains_w_reason,plurality_and_dist,plurality_and_dist_w_reason,plurality,plurality_w_reason,majority,majority_w_reason,exact,exact_w_reason,reasons
1,vimeo.com,0,0,2,0,0,0,0,0,0,0,0,0,0,0,0
1,pages.tmall.com,0,0,2,0,0,0,0,0,0,0,0,0,0,0,0
1,avito.ru,0,0,1,0,0,0,0,0,0,0,0,0,1,0,0
1,discordapp.com,0,0,2,0,0,0,0,0,0,0,0,0,0,0,0
1,livejasmin.com,0,0,2,0,0,0,0,0,0,0,0,0,0,0,0
1,xinhuanet.com,0,0,2,0,0,0,0,0,0,0,0,0,0,0,0
1,google.co.id,0,0,0,0,0,0,0,0,0,0,0,0,2,0,0
1,cnblogs.com,0,0,2,0,0,0,0,0,0,0,0,0,0,0,0
1,booking.com,0,0,2,0,0,0,0,0,0,0,0,0,0,0,0
1,amazon.fr,0,0,1,0,0,0,0,0,0,0,0,0,1,0,0
1,tribunnews.com,0,0,2,0,0,0,0,0,0,0,0,0,0,0,0
1,github.com,0,0,1,0,0,0,0,0,0,0,0,0,1,0,0
1,amazonaws.com,0,0,2,0,0,0,0,0,0,0,0,0,0,0,0
1,google.fr,0,0,0,0,0,0,0,0,0,0,0,0,2,0,0
1,globo.com,0,0,2,0,0,0,0,0,0,0,0,0,0,0,0
1,medium.com,0,0,0,0,0,0,0,0,0,0,0,0,2,0,0
1,bongacams.com,0,0,2,0,0,0,0,0,0,0,0,0,0,0,0
1,google.com.br,0,0,0,0,0,0,0,0,0,0,0,0,2,0,0
1,hao123.com,0,0,2,0,0,0,0,0,0,0,0,0,0,0,0
1,adobe.com,0,0,0,0,0,0,0,0,0,0,0,0,2,0,0
1,chaturbate.com,0,0,2,0,0,0,0,0,0,0,0,0,0,0,0
1,salesforce.com,0,0,2,0,0,0,0,0,0,0,0,0,0,0,0
1,google.com,0,0,0,0,0,0,0,0,0,0,0,0,2,0,0
1,zhihu.com,0,0,2,0,0,0,0,0,0,0,0,0,0,0,0
1,imgur.com,0,0,1,0,0,0,0,0,0,0,0,0,1,0,0
1,apple.com,0,0,1,0,0,0,0,0,0,0,0,0,1,0,0
1,sina.com.cn,0,0,2,0,0,0,0,0,0,0,0,0,0,0,0
1,onlinesbi.com,0,0,2,0,0,0,0,0,0,0,0,0,0,0,0
1,paypal.com,0,0,0,0,0,0,0,0,0,0,0,0,2,0,0
1,jd.com,0,0,2,0,0,0,0,0,0,0,0,0,0,0,0
1,daum.net,0,0,2,0,0,0,0,0,0,0,0,0,0,0,0
1,kompas.com,0,0,2,0,0,0,0,0,0,0,0,0,0,0,0
1,xhamster.com,0,0,2,0,0,0,0,0,0,0,0,0,0,0,0
1,tumblr.com,0,0,2,0,0,0,0,0,0,0,0,0,0,0,0
1,microsoft.com,0,0,0,0,0,0,0,0,0,0,0,0,2,0,0
1,amazon.co.jp,0,0,1,0,0,0,0,0,0,0,0,0,1,0,0
1,chase.com,0,0,2,0,0,0,0,0,0,0,0,0,0,0,0
1,live.com,0,0,2,0,0,0,0,0,0,0,0,0,0,0,0
1,dailymotion.com,0,0,2,0,0,0,0,0,0,0,0,0,0,0,0
1,ettoday.net,0,0,2,0,0,0,0,0,0,0,0,0,0,0,0
1,instagram.com,0,0,2,0,0,0,0,0,0,0,0,0,0,0,0
1,detail.tmall.com,0,0,2,0,0,0,0,0,0,0,0,0,0,0,0
1,washingtonpost.com,0,0,0,0,0,0,0,0,0,0,0,0,2,0,0
1,alibaba.com,0,0,2,0,0,0,0,0,0,0,0,0,0,0,0
1,xnxx.com,0,0,2,0,0,0,0,0,0,0,0,0,0,0,0
1,theguardian.com,0,0,2,0,0,0,0,0,0,0,0,0,0,0,0
1,yahoo.com,0,0,1,0,0,0,0,0,0,0,0,0,1,0,0
1,flipkart.com,0,0,0,0,0,0,0,0,0,0,0,0,2,0,0
1,google.co.kr,0,0,0,0,0,0,0,0,0,0,0,0,2,0,0
1,bilibili.com,0,0,1,0,0,0,0,0,0,0,0,0,1,0,0
1,roblox.com,0,0,2,0,0,0,0,0,0,0,0,0,0,0,0
1,fbcdn.net,0,0,1,0,0,0,0,0,0,0,0,0,1,0,0
1,qq.com,0,0,0,0,0,0,0,0,0,0,0,0,2,0,0
1,google.co.th,0,0,2,0,0,0,0,0,0,0,0,0,0,0,0
1,reddit.com,0,0,1,0,0,0,0,0,0,0,0,0,1,0,0
1,naver.com,0,0,2,0,0,0,0,0,0,0,0,0,0,0,0
1,taobao.com,0,0,2,0,0,0,0,0,0,0,0,0,0,0,0
1,facebook.com,0,0,1,0,0,0,0,0,0,0,0,0,1,0,0
1,eastday.com,0,0,2,0,0,0,0,0,0,0,0,0,0,0,0
1,google.de,0,0,1,0,0,0,0,0,0,0,0,0,1,0,0
1,rakuten.co.jp,0,0,2,0,0,0,0,0,0,0,0,0,0,0,0
1,sciencedirect.com,0,0,2,0,0,0,0,0,0,0,0,0,0,0,0
1,tianya.cn,0,0,2,0,0,0,0,0,0,0,0,0,0,0,0
1,stackexchange.com,0,0,2,0,0,0,0,0,0,0,0,0,0,0,0
1,netflix.com,0,0,2,0,0,0,0,0,0,0,0,0,0,0,0
1,txxx.com,0,0,2,0,0,0,0,0,0,0,0,0,0,0,0
1,aliexpress.com,0,0,2,0,0,0,0,0,0,0,0,0,0,0,0
1,mediafire.com,0,0,1,0,0,0,0,0,0,0,0,0,1,0,0
1,google.com.au,0,0,0,0,0,0,0,0,0,0,0,0,2,0,0
1,researchgate.net,0,0,2,0,0,0,0,0,0,0,0,0,0,0,0
1,pixnet.net,0,0,1,0,0,0,0,0,0,0,0,0,1,0,0
1,amazon.com,0,0,0,0,0,0,0,0,0,0,0,0,2,0,0
1,quora.com,0,0,0,0,0,0,0,0,0,0,0,0,2,0,0
1,bing.com,0,0,2,0,0,0,0,0,0,0,0,0,0,0,0
1,google.co.in,0,0,0,0,0,0,0,0,0,0,0,0,2,0,0
1,pornhub.com,0,0,1,0,0,0,0,0,0,0,0,0,1,0,0
1,gearbest.com,0,0,2,0,0,0,0,0,0,0,0,0,0,0,0
1,babytree.com,0,0,2,0,0,0,0,0,0,0,0,0,0,0,0
1,yandex.ru,0,0,1,0,0,0,0,0,0,0,0,0,1,0,0
1,cnn.com,0,0,2,0,0,0,0,0,0,0,0,0,0,0,0
1,yahoo.co.jp,0,0,2,0,0,0,0,0,0,0,0,0,0,0,0
1,so.com,0,0,2,0,0,0,0,0,0,0,0,0,0,0,0
1,vice.com,0,0,2,0,0,0,0,0,0,0,0,0,0,0,0
1,iqiyi.com,0,0,2,0,0,0,0,0,0,0,0,0,0,0,0
1,google.pl,0,0,0,1,0,0,0,0,0,0,0,0,1,0,1
1,ask.com,0,0,2,0,0,0,0,0,0,0,0,0,0,0,0
1,wikia.com,0,0,2,0,0,0,0,0,0,0,0,0,0,0,0
1,momoshop.com.tw,0,0,2,0,0,0,0,0,0,0,0,0,0,0,0
1,jianshu.com,0,0,2,0,0,0,0,0,0,0,0,0,0,0,0
1,imdb.com,0,0,2,0,0,0,0,0,0,0,0,0,0,0,0
1,tokopedia.com,0,0,1,0,0,0,0,0,0,0,0,0,1,0,0
1,bukalapak.com,0,0,2,0,0,0,0,0,0,0,0,0,0,0,0
1,china.com.cn,0,0,2,0,0,0,0,0,0,0,0,0,0,0,0
1,blogspot.com,0,0,1,0,0,0,0,0,0,0,0,0,1,0,0
1,360.cn,0,0,2,0,0,0,0,0,0,0,0,0,0,0,0
1,baidu.com,0,0,1,0,0,0,0,0,0,0,0,0,1,0,0
1,stackoverflow.com,0,0,2,0,0,0,0,0,0,0,0,0,0,0,0
1,wordpress.com,0,0,2,0,0,0,0,0,0,0,0,0,0,0,0
1,google.ru,0,0,0,0,0,0,0,0,0,0,0,0,2,0,0
1,amazon.it,0,0,1,0,0,0,0,0,0,0,0,0,1,0,0
1,f5v1x3kgv5.com,0,0,0,2,0,0,0,0,0,0,0,0,0,0,2
1,google.com.sa,0,0,2,0,0,0,0,0,0,0,0,0,0,0,0
1,google.com.ar,0,0,0,0,0,0,0,0,0,0,0,0,2,0,0
1,google.com.co,0,0,0,0,0,0,0,0,0,0,0,0,2,0,0
1,dropbox.com,0,0,1,0,0,0,0,0,0,0,0,0,1,0,0
1,wikipedia.org,0,0,1,0,0,0,0,0,0,0,0,0,1,0,0
1,google.es,0,0,0,0,0,0,0,0,0,0,0,0,2,0,0
1,pinterest.com,0,0,0,0,0,0,0,0,0,0,0,0,2,0,0
1,walmart.com,0,0,1,0,0,0,0,0,0,0,0,0,1,0,0
1,sohu.com,0,0,2,0,0,0,0,0,0,0,0,0,0,0,0
1,gmw.cn,0,0,1,0,0,0,0,0,0,0,0,0,1,0,0
1,twitter.com,0,0,2,0,0,0,0,0,0,0,0,0,0,0,0
1,cobalten.com,0,0,2,0,0,0,0,0,0,0,0,0,0,0,0
1,ok.ru,0,0,2,0,0,0,0,0,0,0,0,0,0,0,0
1,twitch.tv,0,0,2,0,0,0,0,0,0,0,0,0,0,0,0
1,zhanqi.tv,0,0,1,1,0,0,0,0,0,0,0,0,0,0,1
1,amazon.co.uk,0,0,2,0,0,0,0,0,0,0,0,0,0,0,0
1,alipay.com,0,0,1,0,0,0,0,0,0,0,0,0,1,0,0
1,ebay.com,0,0,1,0,0,0,0,0,0,0,0,0,1,0,0
1,google.gr,0,0,0,0,0,0,0,0,0,0,0,0,2,0,0
1,mail.ru,0,0,2,0,0,0,0,0,0,0,0,0,0,0,0
1,nytimes.com,0,0,2,0,0,0,0,0,0,0,0,0,0,0,0
1,etsy.com,0,0,2,0,0,0,0,0,0,0,0,0,0,0,0
1,mercadolivre.com.br,0,0,2,0,0,0,0,0,0,0,0,0,0,0,0
1,force.com,0,0,2,0,0,0,0,0,0,0,0,0,0,0,0
1,godaddy.com,0,0,1,1,0,0,0,0,0,0,0,0,0,0,1
1,porn555.com,0,0,2,0,0,0,0,0,0,0,0,0,0,0,0
1,office.com,0,0,0,0,0,0,0,0,0,0,0,0,2,0,0
1,soundcloud.com,0,0,0,0,0,0,0,0,0,0,0,0,2,0,0
1,google.ca,0,0,1,0,0,0,0,0,0,0,0,0,1,0,0
1,panda.tv,0,0,2,0,0,0,0,0,0,0,0,0,0,0,0
1,bbc.co.uk,0,0,2,0,0,0,0,0,0,0,0,0,0,0,0
1,google.it,0,0,0,0,0,0,0,0,0,0,0,0,2,0,0
1,google.com.ua,0,0,1,0,0,0,0,0,0,0,0,0,1,0,0
1,google.com.hk,0,0,2,0,0,0,0,0,0,0,0,0,0,0,0
1,google.co.ao,0,0,0,0,0,0,0,0,0,0,0,0,2,0,0
1,liputan6.com,0,0,2,0,0,0,0,0,0,0,0,0,0,0,0
1,amazon.in,0,0,2,0,0,0,0,0,0,0,0,0,0,0,0
1,google.cn,0,0,2,0,0,0,0,0,0,0,0,0,0,0,0
1,google.com.eg,0,0,1,0,0,0,0,0,0,0,0,0,1,0,0
1,google.com.vn,0,0,0,0,0,0,0,0,0,0,0,0,2,0,0
1,login.tmall.com,0,0,1,0,0,0,0,0,0,0,0,0,1,0,0
1,nicovideo.jp,0,0,2,0,0,0,0,0,0,0,0,0,0,0,0
1,bbc.com,0,0,2,0,0,0,0,0,0,0,0,0,0,0,0
1,google.co.uk,0,0,1,0,0,0,0,0,0,0,0,0,1,0,0
1,youtube.com,0,0,2,0,0,0,0,0,0,0,0,0,0,0,0
1,sogou.com,0,0,1,0,0,0,0,0,0,0,0,0,1,0,0
1,fc2.com,0,0,0,0,0,0,0,0,0,0,0,0,2,0,0
1,google.com.sg,0,0,0,0,0,0,0,0,0,0,0,0,2,0,0
1,google.com.ph,0,0,1,0,0,0,0,0,0,0,0,0,1,0,0
1,huanqiu.com,0,0,2,0,0,0,0,0,0,0,0,0,0,0,0
1,google.com.mx,0,0,0,0,0,0,0,0,0,0,0,0,2,0,0
1,msn.com,0,0,2,0,0,0,0,0,0,0,0,0,0,0,0
1,wikihow.com,0,0,1,0,0,0,0,0,0,0,0,0,1,0,0
1,linkedin.com,0,0,2,0,0,0,0,0,0,0,0,0,0,0,0
1,shutterstock.com,0,0,2,0,0,0,0,0,0,0,0,0,0,0,0
1,amazon.de,0,0,2,0,0,0,0,0,0,0,0,0,0,0,0
1,whatsapp.com,0,0,2,0,0,0,0,0,0,0,0,0,0,0,0
1,softonic.com,0,0,2,0,0,0,0,0,0,0,0,0,0,0,0
1,spotify.com,0,0,2,0,0,0,0,0,0,0,0,0,0,0,0
1,ebay.de,0,0,2,0,0,0,0,0,0,0,0,0,0,0,0
1,espn.com,0,0,2,0,0,0,0,0,0,0,0,0,0,0,0
1,1688.com,0,0,2,0,0,0,0,0,0,0,0,0,0,0,0
1,instructure.com,0,0,2,0,0,0,0,0,0,0,0,0,0,0,0
1,nih.gov,0,0,2,0,0,0,0,0,0,0,0,0,0,0,0
1,google.co.jp,0,0,0,0,0,0,0,0,0,0,0,0,2,0,0
1,scribd.com,0,0,2,0,0,0,0,0,0,0,0,0,0,0,0
1,xvideos.com,0,0,1,0,0,0,0,0,0,0,0,0,1,0,0
1,indeed.com,0,0,1,0,0,0,0,0,0,0,0,0,1,0,0
1,google.com.pk,0,0,1,0,0,0,0,0,0,0,0,0,1,0,0
1,weibo.com,0,0,2,0,0,0,0,0,0,0,0,0,0,0,0
1,google.com.tr,0,0,1,0,0,0,0,0,0,0,0,0,1,0,0
1,popads.net,0,0,2,0,0,0,0,0,0,0,0,0,0,0,0
1,speakol.com,0,0,2,0,0,0,0,0,0,0,0,0,0,0,0
1,w3schools.com,0,0,1,0,0,0,0,0,0,0,0,0,1,0,0
1,google.com.tw,0,0,1,0,0,0,0,0,0,0,0,0,1,0,0
1,cnet.com,0,0,2,0,0,0,0,0,0,0,0,0,0,0,0
1,t.co,0,0,2,0,0,0,0,0,0,0,0,0,0,0,0
1,people.com.cn,0,0,2,0,0,0,0,0,0,0,0,0,0,0,0
1,google.az,0,0,0,0,0,0,0,0,0,0,0,0,2,0,0
1,google.co.za,0,0,0,0,0,0,0,0,0,0,0,0,2,0,0
1,aparat.com,0,0,1,0,0,0,0,0,0,0,0,0,1,0,0
1,ebay.co.uk,0,0,1,0,0,0,0,0,0,0,0,0,1,0,0
1,uol.com.br,0,0,2,0,0,0,0,0,0,0,0,0,0,0,0
1,thestartmagazine.com,0,0,2,0,0,0,0,0,0,0,0,0,0,0,0
1,wetransfer.com,0,0,2,0,0,0,0,0,0,0,0,0,0,0,0
1,detik.com,0,0,2,0,0,0,0,0,0,0,0,0,0,0,0
1,soso.com,0,0,0,0,0,0,0,0,0,0,0,0,2,0,0
1,google.co.ve,0,0,0,0,0,0,0,0,0,0,0,0,2,0,0
1,csdn.net,0,0,2,0,0,0,0,0,0,0,0,0,0,0,0
1,tmall.com,0,0,1,0,0,0,0,0,0,0,0,0,1,0,0
1,vk.com,0,0,2,0,0,0,0,0,0,0,0,0,0,0,0
1,openload.co,0,0,2,0,0,0,0,0,0,0,0,0,0,0,0
1,craigslist.org,0,0,2,0,0,0,0,0,0,0,0,0,0,0,0
3,force.com,0,0,2,0,0,0,0,0,0,0,0,0,0,0,0
3,f5v1x3kgv5.com,0,0,0,2,0,0,0,0,0,0,0,0,0,0,2
3,aparat.com,0,0,1,0,0,0,0,0,0,0,1,0,0,0,0
3,google.com,0,0,0,0,0,0,1,0,0,0,0,0,1,0,0
3,google.es,0,0,0,0,0,0,0,0,0,0,0,0,2,0,0
3,taobao.com,0,0,2,0,0,0,0,0,0,0,0,0,0,0,0
3,xinhuanet.com,0,0,2,0,0,0,0,0,0,0,0,0,0,0,0
3,vk.com,0,0,2,0,0,0,0,0,0,0,0,0,0,0,0
3,amazon.fr,0,0,1,0,0,0,0,0,0,0,1,0,0,0,0
3,amazon.de,0,0,2,0,0,0,0,0,0,0,0,0,0,0,0
3,walmart.com,0,0,0,0,1,0,1,0,0,0,0,0,0,0,0
3,ettoday.net,0,0,2,0,0,0,0,0,0,0,0,0,0,0,0
3,mercadolivre.com.br,0,0,2,0,0,0,0,0,0,0,0,0,0,0,0
3,google.com.vn,0,0,0,0,0,0,0,0,0,0,0,0,2,0,0
3,sohu.com,0,0,2,0,0,0,0,0,0,0,0,0,0,0,0
3,google.com.hk,0,0,1,0,1,0,0,0,0,0,0,0,0,0,0
3,vice.com,0,0,2,0,0,0,0,0,0,0,0,0,0,0,0
3,thestartmagazine.com,0,0,2,0,0,0,0,0,0,0,0,0,0,0,0
3,bilibili.com,0,0,1,0,0,0,1,0,0,0,0,0,0,0,0
3,babytree.com,0,0,2,0,0,0,0,0,0,0,0,0,0,0,0
3,txxx.com,0,0,1,0,1,0,0,0,0,0,0,0,0,0,0
3,nicovideo.jp,0,0,2,0,0,0,0,0,0,0,0,0,0,0,0
3,google.pl,0,0,0,1,0,0,0,0,0,0,0,0,1,0,1
3,booking.com,0,0,1,0,0,0,0,0,0,0,1,0,0,0,0
3,pinterest.com,0,0,0,0,1,0,0,0,0,0,1,0,0,0,0
3,yahoo.co.jp,0,0,2,0,0,0,0,0,0,0,0,0,0,0,0
3,mediafire.com,0,0,0,0,0,0,0,0,0,0,2,0,0,0,0
3,espn.com,0,0,2,0,0,0,0,0,0,0,0,0,0,0,0
3,ebay.com,0,0,1,0,0,0,1,0,0,0,0,0,0,0,0
3,bukalapak.com,0,0,2,0,0,0,0,0,0,0,0,0,0,0,0
3,ebay.de,0,0,2,0,0,0,0,0,0,0,0,0,0,0,0
3,google.co.jp,0,0,0,0,0,0,0,0,0,0,0,0,2,0,0
3,360.cn,0,0,2,0,0,0,0,0,0,0,0,0,0,0,0
3,scribd.com,0,0,1,0,1,0,0,0,0,0,0,0,0,0,0
3,sogou.com,0,0,0,0,1,0,0,0,0,0,1,0,0,0,0
3,tribunnews.com,0,0,2,0,0,0,0,0,0,0,0,0,0,0,0
3,dailymotion.com,0,0,2,0,0,0,0,0,0,0,0,0,0,0,0
3,reddit.com,0,0,1,0,0,0,0,0,0,0,0,0,1,0,0
3,detail.tmall.com,0,0,2,0,0,0,0,0,0,0,0,0,0,0,0
3,cnblogs.com,0,0,2,0,0,0,0,0,0,0,0,0,0,0,0
3,instagram.com,0,0,2,0,0,0,0,0,0,0,0,0,0,0,0
3,tianya.cn,0,0,2,0,0,0,0,0,0,0,0,0,0,0,0
3,twitter.com,0,0,1,0,1,0,0,0,0,0,0,0,0,0,0
3,globo.com,0,0,2,0,0,0,0,0,0,0,0,0,0,0,0
3,google.ru,0,0,0,0,0,0,0,0,0,0,0,0,2,0,0
3,momoshop.com.tw,0,0,2,0,0,0,0,0,0,0,0,0,0,0,0
3,sina.com.cn,0,0,2,0,0,0,0,0,0,0,0,0,0,0,0
3,amazon.it,0,0,1,0,0,0,1,0,0,0,0,0,0,0,0
3,google.cn,0,0,1,0,1,0,0,0,0,0,0,0,0,0,0
3,alibaba.com,0,0,2,0,0,0,0,0,0,0,0,0,0,0,0
3,flipkart.com,0,0,0,0,0,0,0,0,0,0,1,0,1,0,0
3,wikipedia.org,0,0,1,0,0,0,1,0,0,0,0,0,0,0,0
3,imdb.com,0,0,2,0,0,0,0,0,0,0,0,0,0,0,0
3,so.com,0,0,2,0,0,0,0,0,0,0,0,0,0,0,0
3,amazon.com,0,0,0,0,0,0,0,0,0,0,1,0,1,0,0
3,zhihu.com,0,0,2,0,0,0,0,0,0,0,0,0,0,0,0
3,wikihow.com,0,0,0,0,0,0,0,0,0,0,1,0,1,0,0
3,avito.ru,0,0,1,0,0,0,0,0,0,0,0,0,1,0,0
3,bbc.co.uk,0,0,2,0,0,0,0,0,0,0,0,0,0,0,0
3,qq.com,0,0,0,0,0,0,0,0,0,0,0,0,2,0,0
3,stackoverflow.com,0,0,2,0,0,0,0,0,0,0,0,0,0,0,0
3,google.az,0,0,0,0,0,0,0,0,0,0,0,0,2,0,0
3,stackexchange.com,0,0,1,0,1,0,0,0,0,0,0,0,0,0,0
3,google.it,0,0,0,0,0,0,0,0,0,0,0,0,2,0,0
3,nih.gov,0,0,2,0,0,0,0,0,0,0,0,0,0,0,0
3,naver.com,0,0,2,0,0,0,0,0,0,0,0,0,0,0,0
3,apple.com,0,0,1,0,0,0,0,0,0,0,0,0,1,0,0
3,w3schools.com,0,0,1,0,0,0,0,0,0,0,1,0,0,0,0
3,xnxx.com,0,0,2,0,0,0,0,0,0,0,0,0,0,0,0
3,tokopedia.com,0,0,0,0,1,0,0,0,0,0,0,0,1,0,0
3,adobe.com,0,0,0,0,0,0,0,0,0,0,1,0,1,0,0
3,rakuten.co.jp,0,0,2,0,0,0,0,0,0,0,0,0,0,0,0
3,craigslist.org,0,0,2,0,0,0,0,0,0,0,0,0,0,0,0
3,netflix.com,0,0,2,0,0,0,0,0,0,0,0,0,0,0,0
3,google.co.ao,0,0,0,0,0,0,0,0,0,0,0,0,2,0,0
3,theguardian.com,0,0,2,0,0,0,0,0,0,0,0,0,0,0,0
3,kompas.com,0,0,2,0,0,0,0,0,0,0,0,0,0,0,0
3,alipay.com,0,0,1,0,0,0,1,0,0,0,0,0,0,0,0
3,google.com.eg,0,0,1,0,0,0,0,0,0,0,0,0,1,0,0
3,pornhub.com,0,0,0,0,1,0,1,0,0,0,0,0,0,0,0
3,pages.tmall.com,0,0,2,0,0,0,0,0,0,0,0,0,0,0,0
3,spotify.com,0,0,1,0,1,0,0,0,0,0,0,0,0,0,0
3,bbc.com,0,0,2,0,0,0,0,0,0,0,0,0,0,0,0
3,office.com,0,0,0,0,0,0,0,0,0,0,0,0,2,0,0
3,google.co.th,0,0,1,0,1,0,0,0,0,0,0,0,0,0,0
3,speakol.com,0,0,2,0,0,0,0,0,0,0,0,0,0,0,0
3,ebay.co.uk,0,0,1,0,0,0,1,0,0,0,0,0,0,0,0
3,popads.net,0,0,2,0,0,0,0,0,0,0,0,0,0,0,0
3,google.com.sg,0,0,0,0,0,0,0,0,0,0,1,0,1,0,0
3,chaturbate.com,0,0,2,0,0,0,0,0,0,0,0,0,0,0,0
3,google.com.sa,0,0,0,0,1,0,0,0,0,0,1,0,0,0,0
3,live.com,0,0,2,0,0,0,0,0,0,0,0,0,0,0,0
3,google.com.br,0,0,0,0,0,0,1,0,0,0,0,0,1,0,0
3,github.com,0,0,1,0,0,0,0,0,0,0,0,0,1,0,0
3,google.com.ua,0,0,0,0,1,0,0,0,0,0,0,0,1,0,0
3,google.co.uk,0,0,1,0,0,0,0,0,0,0,0,0,1,0,0
3,amazon.co.jp,0,0,1,0,0,0,0,0,0,0,0,0,1,0,0
3,cobalten.com,0,0,2,0,0,0,0,0,0,0,0,0,0,0,0
3,blogspot.com,0,0,0,0,0,0,0,0,0,0,1,0,1,0,0
3,imgur.com,0,0,0,0,0,0,0,0,0,0,1,0,1,0,0
3,medium.com,0,0,0,0,0,0,0,0,0,0,0,0,2,0,0
3,microsoft.com,0,0,0,0,0,0,0,0,0,0,1,0,1,0,0
3,google.com.ar,0,0,0,0,0,0,0,0,0,0,0,0,2,0,0
3,onlinesbi.com,0,0,2,0,0,0,0,0,0,0,0,0,0,0,0
3,quora.com,0,0,0,0,0,0,2,0,0,0,0,0,0,0,0
3,uol.com.br,0,0,2,0,0,0,0,0,0,0,0,0,0,0,0
3,iqiyi.com,0,0,2,0,0,0,0,0,0,0,0,0,0,0,0
3,soundcloud.com,0,0,0,0,0,0,0,0,0,0,2,0,0,0,0
3,google.ca,0,0,1,0,0,0,1,0,0,0,0,0,0,0,0
3,vimeo.com,0,0,2,0,0,0,0,0,0,0,0,0,0,0,0
3,1688.com,0,0,2,0,0,0,0,0,0,0,0,0,0,0,0
3,whatsapp.com,0,0,2,0,0,0,0,0,0,0,0,0,0,0,0
3,livejasmin.com,0,0,2,0,0,0,0,0,0,0,0,0,0,0,0
3,daum.net,0,0,2,0,0,0,0,0,0,0,0,0,0,0,0
3,google.gr,0,0,0,0,0,0,0,0,0,0,0,0,2,0,0
3,msn.com,0,0,2,0,0,0,0,0,0,0,0,0,0,0,0
3,google.com.pk,0,0,0,0,0,0,0,0,0,0,1,0,1,0,0
3,roblox.com,0,0,2,0,0,0,0,0,0,0,0,0,0,0,0
3,hao123.com,0,0,1,0,1,0,0,0,0,0,0,0,0,0,0
3,researchgate.net,0,0,0,0,1,0,0,0,0,0,1,0,0,0,0
3,yandex.ru,0,0,1,0,0,0,0,0,0,0,0,0,1,0,0
3,yahoo.com,0,0,0,0,1,0,1,0,0,0,0,0,0,0,0
3,soso.com,0,0,0,0,0,0,0,0,0,0,0,0,2,0,0
3,shutterstock.com,0,0,1,0,1,0,0,0,0,0,0,0,0,0,0
3,pixnet.net,0,0,1,0,0,0,1,0,0,0,0,0,0,0,0
3,twitch.tv,0,0,2,0,0,0,0,0,0,0,0,0,0,0,0
3,washingtonpost.com,0,0,0,0,0,0,0,0,0,0,1,0,1,0,0
3,ask.com,0,0,2,0,0,0,0,0,0,0,0,0,0,0,0
3,google.fr,0,0,0,0,0,0,0,0,0,0,0,0,2,0,0
3,baidu.com,0,0,1,0,0,0,0,0,0,0,1,0,0,0,0
3,google.com.tr,0,0,1,0,0,0,0,0,0,0,0,0,1,0,0
3,wordpress.com,0,0,1,0,1,0,0,0,0,0,0,0,0,0,0
3,openload.co,0,0,2,0,0,0,0,0,0,0,0,0,0,0,0
3,facebook.com,0,0,1,0,0,0,0,0,0,0,0,0,1,0,0
3,bongacams.com,0,0,2,0,0,0,0,0,0,0,0,0,0,0,0
3,paypal.com,0,0,0,0,0,0,0,0,0,0,2,0,0,0,0
3,chase.com,0,0,2,0,0,0,0,0,0,0,0,0,0,0,0
3,google.com.ph,0,0,1,0,0,0,0,0,0,0,1,0,0,0,0
3,discordapp.com,0,0,1,0,0,0,0,0,0,0,1,0,0,0,0
3,csdn.net,0,0,2,0,0,0,0,0,0,0,0,0,0,0,0
3,google.de,0,0,1,0,0,0,0,0,0,0,0,0,1,0,0
3,google.co.za,0,0,0,0,0,0,0,0,0,0,1,0,1,0,0
3,wikia.com,0,0,2,0,0,0,0,0,0,0,0,0,0,0,0
3,cnn.com,0,0,2,0,0,0,0,0,0,0,0,0,0,0,0
3,gmw.cn,0,0,1,0,0,0,1,0,0,0,0,0,0,0,0
3,google.com.mx,0,0,0,0,0,0,0,0,0,0,0,0,2,0,0
3,etsy.com,0,0,1,0,1,0,0,0,0,0,0,0,0,0,0
3,dropbox.com,0,0,1,0,0,0,0,0,0,0,0,0,1,0,0
3,jianshu.com,0,0,2,0,0,0,0,0,0,0,0,0,0,0,0
3,t.co,0,0,2,0,0,0,0,0,0,0,0,0,0,0,0
3,weibo.com,0,0,2,0,0,0,0,0,0,0,0,0,0,0,0
3,fbcdn.net,0,0,1,0,0,0,0,0,0,0,1,0,0,0,0
3,instructure.com,0,0,2,0,0,0,0,0,0,0,0,0,0,0,0
3,sciencedirect.com,0,0,0,0,1,0,0,0,0,0,1,0,0,0,0
3,indeed.com,0,0,1,0,0,0,0,0,0,0,0,0,1,0,0
3,google.co.kr,0,0,0,0,0,0,0,0,0,0,0,0,2,0,0
3,google.co.id,0,0,0,0,0,0,1,0,0,0,0,0,1,0,0
3,china.com.cn,0,0,2,0,0,0,0,0,0,0,0,0,0,0,0
3,nytimes.com,0,0,2,0,0,0,0,0,0,0,0,0,0,0,0
3,google.com.au,0,0,0,0,0,0,1,0,0,0,1,0,0,0,0
3,panda.tv,0,0,2,0,0,0,0,0,0,0,0,0,0,0,0
3,amazon.in,0,0,2,0,0,0,0,0,0,0,0,0,0,0,0
3,bing.com,0,0,2,0,0,0,0,0,0,0,0,0,0,0,0
3,xhamster.com,0,0,2,0,0,0,0,0,0,0,0,0,0,0,0
3,tumblr.com,0,0,2,0,0,0,0,0,0,0,0,0,0,0,0
3,wetransfer.com,0,0,1,0,1,0,0,0,0,0,0,0,0,0,0
3,liputan6.com,0,0,1,0,1,0,0,0,0,0,0,0,0,0,0
3,fc2.com,0,0,0,0,0,0,1,0,0,0,0,0,1,0,0
3,eastday.com,0,0,2,0,0,0,0,0,0,0,0,0,0,0,0
3,gearbest.com,0,0,2,0,0,0,0,0,0,0,0,0,0,0,0
3,youtube.com,0,0,2,0,0,0,0,0,0,0,0,0,0,0,0
3,amazonaws.com,0,0,2,0,0,0,0,0,0,0,0,0,0,0,0
3,porn555.com,0,0,2,0,0,0,0,0,0,0,0,0,0,0,0
3,aliexpress.com,0,0,2,0,0,0,0,0,0,0,0,0,0,0,0
3,ok.ru,0,0,2,0,0,0,0,0,0,0,0,0,0,0,0
3,godaddy.com,0,0,1,1,0,0,0,0,0,0,0,0,0,0,1
3,google.co.in,0,0,0,0,0,0,0,0,0,0,0,0,2,0,0
3,softonic.com,0,0,2,0,0,0,0,0,0,0,0,0,0,0,0
3,mail.ru,0,0,2,0,0,0,0,0,0,0,0,0,0,0,0
3,login.tmall.com,0,0,0,0,1,0,0,0,0,0,1,0,0,0,0
3,google.com.tw,0,0,1,0,0,0,0,0,0,0,0,0,1,0,0
3,jd.com,0,0,2,0,0,0,0,0,0,0,0,0,0,0,0
3,amazon.co.uk,0,0,2,0,0,0,0,0,0,0,0,0,0,0,0
3,google.com.co,0,0,0,0,0,0,0,0,0,0,0,0,2,0,0
3,salesforce.com,0,0,2,0,0,0,0,0,0,0,0,0,0,0,0
3,people.com.cn,0,0,2,0,0,0,0,0,0,0,0,0,0,0,0
3,tmall.com,0,0,0,0,1,0,0,0,0,0,1,0,0,0,0
3,cnet.com,0,0,2,0,0,0,0,0,0,0,0,0,0,0,0
3,google.co.ve,0,0,0,0,0,0,0,0,0,0,0,0,2,0,0
3,zhanqi.tv,0,0,1,1,0,0,0,0,0,0,0,0,0,0,1
3,huanqiu.com,0,0,2,0,0,0,0,0,0,0,0,0,0,0,0
3,xvideos.com,0,0,0,0,1,0,1,0,0,0,0,0,0,0,0
3,linkedin.com,0,0,2,0,0,0,0,0,0,0,0,0,0,0,0
3,detik.com,0,0,2,0,0,0,0,0,0,0,0,0,0,0,0
5,360.cn,0,0,2,0,0,0,0,0,0,0,0,0,0,0,0
5,baidu.com,0,0,0,0,1,0,0,0,0,0,1,0,0,0,0
5,cnn.com,0,0,2,0,0,0,0,0,0,0,0,0,0,0,0
5,google.it,0,0,0,0,0,0,0,0,0,0,0,0,2,0,0
5,1688.com,0,0,2,0,0,0,0,0,0,0,0,0,0,0,0
5,google.com.ph,0,0,1,0,0,0,0,0,0,0,1,0,0,0,0
5,chase.com,0,0,2,0,0,0,0,0,0,0,0,0,0,0,0
5,google.com.tw,0,0,0,0,1,0,0,0,0,0,0,0,1,0,0
5,soundcloud.com,0,0,0,0,0,0,0,0,1,0,1,0,0,0,0
5,vimeo.com,0,0,2,0,0,0,0,0,0,0,0,0,0,0,0
5,nicovideo.jp,0,0,2,0,0,0,0,0,0,0,0,0,0,0,0
5,twitter.com,0,0,1,0,1,0,0,0,0,0,0,0,0,0,0
5,google.co.jp,0,0,0,0,0,0,0,0,0,0,0,0,2,0,0
5,wikipedia.org,0,0,1,0,1,0,0,0,0,0,0,0,0,0,0
5,medium.com,0,0,0,0,0,0,0,0,0,0,1,0,1,0,0
5,tribunnews.com,0,0,2,0,0,0,0,0,0,0,0,0,0,0,0
5,bilibili.com,0,0,1,0,0,0,1,0,0,0,0,0,0,0,0
5,google.com,0,0,0,0,0,0,0,0,0,0,1,0,1,0,0
5,ebay.co.uk,0,0,1,0,0,0,1,0,0,0,0,0,0,0,0
5,google.com.tr,0,0,1,0,0,0,0,0,0,0,0,0,1,0,0
5,alipay.com,0,0,1,0,0,0,0,0,1,0,0,0,0,0,0
5,livejasmin.com,0,0,2,0,0,0,0,0,0,0,0,0,0,0,0
5,naver.com,0,0,2,0,0,0,0,0,0,0,0,0,0,0,0
5,google.az,0,0,0,0,0,0,0,0,0,0,0,0,2,0,0
5,ebay.de,0,0,2,0,0,0,0,0,0,0,0,0,0,0,0
5,momoshop.com.tw,0,0,2,0,0,0,0,0,0,0,0,0,0,0,0
5,walmart.com,0,0,0,0,1,0,1,0,0,0,0,0,0,0,0
5,login.tmall.com,0,0,0,0,1,0,0,0,1,0,0,0,0,0,0
5,stackexchange.com,0,0,1,0,0,0,1,0,0,0,0,0,0,0,0
5,openload.co,0,0,1,0,1,0,0,0,0,0,0,0,0,0,0
5,google.pl,0,0,0,1,0,0,0,0,0,0,0,0,1,0,1
5,xnxx.com,0,0,2,0,0,0,0,0,0,0,0,0,0,0,0
5,jianshu.com,0,0,2,0,0,0,0,0,0,0,0,0,0,0,0
5,jd.com,0,0,2,0,0,0,0,0,0,0,0,0,0,0,0
5,ask.com,0,0,2,0,0,0,0,0,0,0,0,0,0,0,0
5,qq.com,0,0,0,0,0,0,0,0,0,0,2,0,0,0,0
5,sina.com.cn,0,0,2,0,0,0,0,0,0,0,0,0,0,0,0
5,cnblogs.com,0,0,2,0,0,0,0,0,0,0,0,0,0,0,0
5,google.com.co,0,0,0,0,0,0,0,0,0,0,0,0,2,0,0
5,mediafire.com,0,0,0,0,0,0,0,0,2,0,0,0,0,0,0
5,xinhuanet.com,0,0,2,0,0,0,0,0,0,0,0,0,0,0,0
5,amazon.in,0,0,1,0,1,0,0,0,0,0,0,0,0,0,0
5,popads.net,0,0,2,0,0,0,0,0,0,0,0,0,0,0,0
5,xvideos.com,0,0,0,0,1,0,0,0,0,0,1,0,0,0,0
5,sohu.com,0,0,2,0,0,0,0,0,0,0,0,0,0,0,0
5,live.com,0,0,2,0,0,0,0,0,0,0,0,0,0,0,0
5,cnet.com,0,0,2,0,0,0,0,0,0,0,0,0,0,0,0
5,google.es,0,0,0,0,0,0,0,0,0,0,1,0,1,0,0
5,bing.com,0,0,2,0,0,0,0,0,0,0,0,0,0,0,0
5,discordapp.com,0,0,1,0,0,0,0,0,0,0,1,0,0,0,0
5,apple.com,0,0,1,0,0,0,0,0,0,0,0,0,1,0,0
5,amazon.co.uk,0,0,2,0,0,0,0,0,0,0,0,0,0,0,0
5,pixnet.net,0,0,1,0,0,0,1,0,0,0,0,0,0,0,0
5,imgur.com,0,0,0,0,0,0,0,0,1,0,1,0,0,0,0
5,t.co,0,0,2,0,0,0,0,0,0,0,0,0,0,0,0
5,yandex.ru,0,0,0,0,1,0,0,0,0,0,0,0,1,0,0
5,washingtonpost.com,0,0,0,0,0,0,0,0,0,0,1,0,1,0,0
5,blogspot.com,0,0,0,0,0,0,0,0,0,0,1,0,1,0,0
5,roblox.com,0,0,2,0,0,0,0,0,0,0,0,0,0,0,0
5,google.co.id,0,0,0,0,0,0,0,0,1,0,1,0,0,0,0
5,dailymotion.com,0,0,2,0,0,0,0,0,0,0,0,0,0,0,0
5,google.com.eg,0,0,1,0,0,0,0,0,0,0,0,0,1,0,0
5,yahoo.co.jp,0,0,2,0,0,0,0,0,0,0,0,0,0,0,0
5,fbcdn.net,0,0,0,0,1,0,0,0,0,0,1,0,0,0,0
5,zhihu.com,0,0,1,0,1,0,0,0,0,0,0,0,0,0,0
5,amazon.com,0,0,0,0,0,0,0,0,0,0,1,0,1,0,0
5,instructure.com,0,0,2,0,0,0,0,0,0,0,0,0,0,0,0
5,amazon.it,0,0,1,0,1,0,0,0,0,0,0,0,0,0,0
5,theguardian.com,0,0,2,0,0,0,0,0,0,0,0,0,0,0,0
5,amazonaws.com,0,0,2,0,0,0,0,0,0,0,0,0,0,0,0
5,stackoverflow.com,0,0,2,0,0,0,0,0,0,0,0,0,0,0,0
5,google.com.pk,0,0,0,0,0,0,0,0,0,0,2,0,0,0,0
5,amazon.fr,0,0,1,0,0,0,1,0,0,0,0,0,0,0,0
5,iqiyi.com,0,0,2,0,0,0,0,0,0,0,0,0,0,0,0
5,vk.com,0,0,1,0,1,0,0,0,0,0,0,0,0,0,0
5,google.co.za,0,0,0,0,0,0,0,0,0,0,2,0,0,0,0
5,tmall.com,0,0,0,0,0,0,0,0,1,0,1,0,0,0,0
5,youtube.com,0,0,2,0,0,0,0,0,0,0,0,0,0,0,0
5,so.com,0,0,2,0,0,0,0,0,0,0,0,0,0,0,0
5,google.ca,0,0,1,0,0,0,1,0,0,0,0,0,0,0,0
5,uol.com.br,0,0,2,0,0,0,0,0,0,0,0,0,0,0,0
5,gearbest.com,0,0,2,0,0,0,0,0,0,0,0,0,0,0,0
5,people.com.cn,0,0,2,0,0,0,0,0,0,0,0,0,0,0,0
5,google.com.au,0,0,0,0,0,0,1,0,0,0,1,0,0,0,0
5,godaddy.com,0,0,1,1,0,0,0,0,0,0,0,0,0,0,1
5,nytimes.com,0,0,2,0,0,0,0,0,0,0,0,0,0,0,0
5,daum.net,0,0,2,0,0,0,0,0,0,0,0,0,0,0,0
5,booking.com,0,0,1,0,0,0,0,0,1,0,0,0,0,0,0
5,taobao.com,0,0,2,0,0,0,0,0,0,0,0,0,0,0,0
5,speakol.com,0,0,1,0,1,0,0,0,0,0,0,0,0,0,0
5,soso.com,0,0,0,0,0,0,0,0,0,0,1,0,1,0,0
5,wordpress.com,0,0,1,0,1,0,0,0,0,0,0,0,0,0,0
5,google.ru,0,0,0,0,0,0,0,0,0,0,0,0,2,0,0
5,indeed.com,0,0,1,0,0,0,0,0,0,0,0,0,1,0,0
5,eastday.com,0,0,2,0,0,0,0,0,0,0,0,0,0,0,0
5,sciencedirect.com,0,0,0,0,1,0,0,0,0,0,1,0,0,0,0
5,bbc.co.uk,0,0,2,0,0,0,0,0,0,0,0,0,0,0,0
5,linkedin.com,0,0,2,0,0,0,0,0,0,0,0,0,0,0,0
5,huanqiu.com,0,0,2,0,0,0,0,0,0,0,0,0,0,0,0
5,kompas.com,0,0,2,0,0,0,0,0,0,0,0,0,0,0,0
5,babytree.com,0,0,2,0,0,0,0,0,0,0,0,0,0,0,0
5,liputan6.com,0,0,1,0,1,0,0,0,0,0,0,0,0,0,0
5,force.com,0,0,2,0,0,0,0,0,0,0,0,0,0,0,0
5,google.co.ao,0,0,0,0,0,0,0,0,0,0,1,0,1,0,0
5,gmw.cn,0,0,1,0,0,0,1,0,0,0,0,0,0,0,0
5,netflix.com,0,0,2,0,0,0,0,0,0,0,0,0,0,0,0
5,tokopedia.com,0,0,0,0,1,0,0,0,0,0,1,0,0,0,0
5,ok.ru,0,0,2,0,0,0,0,0,0,0,0,0,0,0,0
5,wetransfer.com,0,0,1,0,1,0,0,0,0,0,0,0,0,0,0
5,google.fr,0,0,0,0,0,0,0,0,0,0,0,0,2,0,0
5,detik.com,0,0,2,0,0,0,0,0,0,0,0,0,0,0,0
5,google.cn,0,0,1,0,0,0,0,0,1,0,0,0,0,0,0
5,pornhub.com,0,0,0,0,0,0,1,0,1,0,0,0,0,0,0
5,txxx.com,0,0,1,0,1,0,0,0,0,0,0,0,0,0,0
5,flipkart.com,0,0,0,0,0,0,0,0,0,0,2,0,0,0,0
5,ebay.com,0,0,1,0,1,0,0,0,0,0,0,0,0,0,0
5,google.de,0,0,1,0,0,0,0,0,0,0,1,0,0,0,0
5,paypal.com,0,0,0,0,0,0,0,0,0,0,2,0,0,0,0
5,aparat.com,0,0,1,0,0,0,0,0,1,0,0,0,0,0,0
5,shutterstock.com,0,0,0,0,2,0,0,0,0,0,0,0,0,0,0
5,espn.com,0,0,2,0,0,0,0,0,0,0,0,0,0,0,0
5,w3schools.com,0,0,1,0,0,0,0,0,1,0,0,0,0,0,0
5,pages.tmall.com,0,0,2,0,0,0,0,0,0,0,0,0,0,0,0
5,weibo.com,0,0,2,0,0,0,0,0,0,0,0,0,0,0,0
5,avito.ru,0,0,1,0,0,0,0,0,0,0,1,0,0,0,0
5,amazon.co.jp,0,0,1,0,0,0,0,0,0,0,0,0,1,0,0
5,facebook.com,0,0,1,0,0,0,0,0,0,0,0,0,1,0,0
5,microsoft.com,0,0,0,0,0,0,0,0,0,0,1,0,1,0,0
5,mail.ru,0,0,2,0,0,0,0,0,0,0,0,0,0,0,0
5,thestartmagazine.com,0,0,2,0,0,0,0,0,0,0,0,0,0,0,0
5,pinterest.com,0,0,0,0,1,0,0,0,0,0,1,0,0,0,0
5,detail.tmall.com,0,0,2,0,0,0,0,0,0,0,0,0,0,0,0
5,scribd.com,0,0,1,0,1,0,0,0,0,0,0,0,0,0,0
5,google.co.ve,0,0,0,0,0,0,0,0,0,0,1,0,1,0,0
5,vice.com,0,0,2,0,0,0,0,0,0,0,0,0,0,0,0
5,amazon.de,0,0,2,0,0,0,0,0,0,0,0,0,0,0,0
5,salesforce.com,0,0,2,0,0,0,0,0,0,0,0,0,0,0,0
5,tumblr.com,0,0,2,0,0,0,0,0,0,0,0,0,0,0,0
5,bongacams.com,0,0,2,0,0,0,0,0,0,0,0,0,0,0,0
5,f5v1x3kgv5.com,0,0,0,2,0,0,0,0,0,0,0,0,0,0,2
5,researchgate.net,0,0,0,0,1,0,0,0,1,0,0,0,0,0,0
5,chaturbate.com,0,0,2,0,0,0,0,0,0,0,0,0,0,0,0
5,aliexpress.com,0,0,1,0,1,0,0,0,0,0,0,0,0,0,0
5,rakuten.co.jp,0,0,2,0,0,0,0,0,0,0,0,0,0,0,0
5,office.com,0,0,0,0,0,0,0,0,0,0,2,0,0,0,0
5,google.com.br,0,0,0,0,0,0,0,0,1,0,1,0,0,0,0
5,instagram.com,0,0,2,0,0,0,0,0,0,0,0,0,0,0,0
5,cobalten.com,0,0,2,0,0,0,0,0,0,0,0,0,0,0,0
5,fc2.com,0,0,0,0,0,0,1,0,0,0,1,0,0,0,0
5,onlinesbi.com,0,0,2,0,0,0,0,0,0,0,0,0,0,0,0
5,panda.tv,0,0,2,0,0,0,0,0,0,0,0,0,0,0,0
5,quora.com,0,0,0,0,1,0,1,0,0,0,0,0,0,0,0
5,china.com.cn,0,0,2,0,0,0,0,0,0,0,0,0,0,0,0
5,bukalapak.com,0,0,2,0,0,0,0,0,0,0,0,0,0,0,0
5,wikihow.com,0,0,0,0,0,0,0,0,1,0,1,0,0,0,0
5,google.com.sa,0,0,0,0,0,0,0,0,1,0,1,0,0,0,0
5,whatsapp.com,0,0,2,0,0,0,0,0,0,0,0,0,0,0,0
5,google.co.in,0,0,0,0,0,0,0,0,0,0,1,0,1,0,0
5,yahoo.com,0,0,0,0,2,0,0,0,0,0,0,0,0,0,0
5,csdn.net,0,0,2,0,0,0,0,0,0,0,0,0,0,0,0
5,github.com,0,0,1,0,0,0,0,0,0,0,1,0,0,0,0
5,reddit.com,0,0,1,0,0,0,0,0,0,0,0,0,1,0,0
5,mercadolivre.com.br,0,0,2,0,0,0,0,0,0,0,0,0,0,0,0
5,craigslist.org,0,0,2,0,0,0,0,0,0,0,0,0,0,0,0
5,google.com.ar,0,0,0,0,0,0,0,0,0,0,0,0,2,0,0
5,sogou.com,0,0,0,0,1,0,0,0,1,0,0,0,0,0,0
5,zhanqi.tv,0,0,1,1,0,0,0,0,0,0,0,0,0,0,1
5,alibaba.com,0,0,2,0,0,0,0,0,0,0,0,0,0,0,0
5,etsy.com,0,0,1,0,1,0,0,0,0,0,0,0,0,0,0
5,porn555.com,0,0,2,0,0,0,0,0,0,0,0,0,0,0,0
5,google.com.vn,0,0,0,0,0,0,0,0,0,0,0,0,2,0,0
5,hao123.com,0,0,1,0,1,0,0,0,0,0,0,0,0,0,0
5,softonic.com,0,0,2,0,0,0,0,0,0,0,0,0,0,0,0
5,wikia.com,0,0,2,0,0,0,0,0,0,0,0,0,0,0,0
5,spotify.com,0,0,1,0,0,0,0,0,1,0,0,0,0,0,0
5,google.co.th,0,0,1,0,1,0,0,0,0,0,0,0,0,0,0
5,msn.com,0,0,2,0,0,0,0,0,0,0,0,0,0,0,0
5,globo.com,0,0,2,0,0,0,0,0,0,0,0,0,0,0,0
5,google.com.sg,0,0,0,0,0,0,0,0,0,0,1,0,1,0,0
5,nih.gov,0,0,2,0,0,0,0,0,0,0,0,0,0,0,0
5,bbc.com,0,0,2,0,0,0,0,0,0,0,0,0,0,0,0
5,adobe.com,0,0,0,0,0,0,0,0,0,0,2,0,0,0,0
5,google.com.ua,0,0,0,0,1,0,0,0,0,0,0,0,1,0,0
5,ettoday.net,0,0,2,0,0,0,0,0,0,0,0,0,0,0,0
5,xhamster.com,0,0,1,0,1,0,0,0,0,0,0,0,0,0,0
5,tianya.cn,0,0,2,0,0,0,0,0,0,0,0,0,0,0,0
5,twitch.tv,0,0,2,0,0,0,0,0,0,0,0,0,0,0,0
5,dropbox.com,0,0,1,0,0,0,0,0,0,0,1,0,0,0,0
5,google.gr,0,0,0,0,0,0,0,0,0,0,0,0,2,0,0
5,google.com.hk,0,0,1,0,1,0,0,0,0,0,0,0,0,0,0
5,google.co.uk,0,0,1,0,0,0,0,0,0,0,0,0,1,0,0
5,imdb.com,0,0,2,0,0,0,0,0,0,0,0,0,0,0,0
5,google.co.kr,0,0,0,0,0,0,0,0,0,0,0,0,2,0,0
5,google.com.mx,0,0,0,0,0,0,0,0,0,0,0,0,2,0,0
7,dropbox.com,0,0,1,0,0,0,0,0,0,0,1,0,0,0,0
7,stackoverflow.com,0,0,2,0,0,0,0,0,0,0,0,0,0,0,0
7,google.com.ph,0,0,0,0,1,0,0,0,0,0,1,0,0,0,0
7,china.com.cn,0,0,2,0,0,0,0,0,0,0,0,0,0,0,0
7,gmw.cn,0,0,1,0,0,0,1,0,0,0,0,0,0,0,0
7,salesforce.com,0,0,2,0,0,0,0,0,0,0,0,0,0,0,0
7,qq.com,0,0,0,0,0,0,0,0,0,0,2,0,0,0,0
7,google.az,0,0,0,0,0,0,0,0,0,0,0,0,2,0,0
7,aliexpress.com,0,0,1,0,1,0,0,0,0,0,0,0,0,0,0
7,gearbest.com,0,0,2,0,0,0,0,0,0,0,0,0,0,0,0
7,weibo.com,0,0,2,0,0,0,0,0,0,0,0,0,0,0,0
7,yahoo.co.jp,0,0,2,0,0,0,0,0,0,0,0,0,0,0,0
7,livejasmin.com,0,0,2,0,0,0,0,0,0,0,0,0,0,0,0
7,popads.net,0,0,2,0,0,0,0,0,0,0,0,0,0,0,0
7,flipkart.com,0,0,0,0,0,0,0,0,0,0,2,0,0,0,0
7,fbcdn.net,0,0,0,0,1,0,0,0,0,0,1,0,0,0,0
7,netflix.com,0,0,2,0,0,0,0,0,0,0,0,0,0,0,0
7,taobao.com,0,0,2,0,0,0,0,0,0,0,0,0,0,0,0
7,google.ru,0,0,0,0,0,0,0,0,0,0,0,0,2,0,0
7,ebay.co.uk,0,0,1,0,0,0,1,0,0,0,0,0,0,0,0
7,xhamster.com,0,0,1,0,1,0,0,0,0,0,0,0,0,0,0
7,google.it,0,0,0,0,0,0,0,0,0,0,1,0,1,0,0
7,amazon.fr,0,0,1,0,0,0,0,0,1,0,0,0,0,0,0
7,xvideos.com,0,0,0,0,0,0,0,0,1,0,1,0,0,0,0
7,instructure.com,0,0,2,0,0,0,0,0,0,0,0,0,0,0,0
7,1688.com,0,0,2,0,0,0,0,0,0,0,0,0,0,0,0
7,paypal.com,0,0,0,0,0,0,0,0,0,0,2,0,0,0,0
7,msn.com,0,0,2,0,0,0,0,0,0,0,0,0,0,0,0
7,sogou.com,0,0,0,0,1,0,0,0,1,0,0,0,0,0,0
7,google.cn,0,0,1,0,0,0,1,0,0,0,0,0,0,0,0
7,apple.com,0,0,1,0,0,0,0,0,0,0,0,0,1,0,0
7,google.co.kr,0,0,0,0,0,0,0,0,0,0,0,0,2,0,0
7,google.co.ve,0,0,0,0,0,0,0,0,0,0,1,0,1,0,0
7,bilibili.com,0,0,1,0,0,0,1,0,0,0,0,0,0,0,0
7,vimeo.com,0,0,2,0,0,0,0,0,0,0,0,0,0,0,0
7,tumblr.com,0,0,2,0,0,0,0,0,0,0,0,0,0,0,0
7,jd.com,0,0,2,0,0,0,0,0,0,0,0,0,0,0,0
7,t.co,0,0,2,0,0,0,0,0,0,0,0,0,0,0,0
7,live.com,0,0,2,0,0,0,0,0,0,0,0,0,0,0,0
7,google.co.ao,0,0,0,0,0,0,0,0,0,0,1,0,1,0,0
7,tmall.com,0,0,0,0,0,0,0,0,1,0,1,0,0,0,0
7,naver.com,0,0,2,0,0,0,0,0,0,0,0,0,0,0,0
7,discordapp.com,0,0,1,0,0,0,0,0,0,0,1,0,0,0,0
7,youtube.com,0,0,2,0,0,0,0,0,0,0,0,0,0,0,0
7,speakol.com,0,0,1,0,1,0,0,0,0,0,0,0,0,0,0
7,instagram.com,0,0,2,0,0,0,0,0,0,0,0,0,0,0,0
7,shutterstock.com,0,0,0,0,2,0,0,0,0,0,0,0,0,0,0
7,aparat.com,0,0,1,0,0,0,0,0,1,0,0,0,0,0,0
7,facebook.com,0,0,1,0,0,0,0,0,0,0,0,0,1,0,0
7,wikia.com,0,0,2,0,0,0,0,0,0,0,0,0,0,0,0
7,globo.com,0,0,2,0,0,0,0,0,0,0,0,0,0,0,0
7,medium.com,0,0,0,0,0,0,0,0,0,0,2,0,0,0,0
7,jianshu.com,0,0,2,0,0,0,0,0,0,0,0,0,0,0,0
7,huanqiu.com,0,0,2,0,0,0,0,0,0,0,0,0,0,0,0
7,walmart.com,0,0,0,0,1,0,0,0,1,0,0,0,0,0,0
7,google.com.sa,0,0,0,0,0,0,0,0,1,0,1,0,0,0,0
7,dailymotion.com,0,0,2,0,0,0,0,0,0,0,0,0,0,0,0
7,detik.com,0,0,2,0,0,0,0,0,0,0,0,0,0,0,0
7,google.pl,0,0,0,1,0,0,0,0,0,0,0,0,1,0,1
7,google.com.mx,0,0,0,0,0,0,0,0,0,0,0,0,2,0,0
7,google.co.th,0,0,1,0,0,0,0,0,1,0,0,0,0,0,0
7,csdn.net,0,0,2,0,0,0,0,0,0,0,0,0,0,0,0
7,google.co.uk,0,0,0,0,1,0,0,0,0,0,0,0,1,0,0
7,kompas.com,0,0,2,0,0,0,0,0,0,0,0,0,0,0,0
7,eastday.com,0,0,2,0,0,0,0,0,0,0,0,0,0,0,0
7,google.com.vn,0,0,0,0,0,0,0,0,0,0,0,0,2,0,0
7,amazonaws.com,0,0,2,0,0,0,0,0,0,0,0,0,0,0,0
7,reddit.com,0,0,1,0,0,0,0,0,0,0,0,0,1,0,0
7,pixnet.net,0,0,1,0,1,0,0,0,0,0,0,0,0,0,0
7,twitter.com,0,0,1,0,1,0,0,0,0,0,0,0,0,0,0
7,vk.com,0,0,1,0,0,0,0,0,1,0,0,0,0,0,0
7,bukalapak.com,0,0,2,0,0,0,0,0,0,0,0,0,0,0,0
7,xnxx.com,0,0,2,0,0,0,0,0,0,0,0,0,0,0,0
7,sina.com.cn,0,0,2,0,0,0,0,0,0,0,0,0,0,0,0
7,mediafire.com,0,0,0,0,1,0,0,0,1,0,0,0,0,0,0
7,pornhub.com,0,0,0,0,0,0,1,0,1,0,0,0,0,0,0
7,wordpress.com,0,0,1,0,1,0,0,0,0,0,0,0,0,0,0
7,office.com,0,0,0,0,0,0,0,0,1,0,1,0,0,0,0
7,indeed.com,0,0,1,0,0,0,0,0,0,0,0,0,1,0,0
7,pinterest.com,0,0,0,0,1,0,0,0,0,0,1,0,0,0,0
7,google.de,0,0,1,0,0,0,0,0,0,0,1,0,0,0,0
7,cnblogs.com,0,0,2,0,0,0,0,0,0,0,0,0,0,0,0
7,sciencedirect.com,0,0,0,0,0,0,0,0,1,0,1,0,0,0,0
7,liputan6.com,0,0,1,0,1,0,0,0,0,0,0,0,0,0,0
7,ettoday.net,0,0,2,0,0,0,0,0,0,0,0,0,0,0,0
7,tianya.cn,0,0,2,0,0,0,0,0,0,0,0,0,0,0,0
7,amazon.co.jp,0,0,1,0,0,0,0,0,0,0,0,0,1,0,0
7,google.com.tr,0,0,0,0,1,0,0,0,0,0,0,0,1,0,0
7,360.cn,0,0,2,0,0,0,0,0,0,0,0,0,0,0,0
7,alipay.com,0,0,1,0,0,0,1,0,0,0,0,0,0,0,0
7,soso.com,0,0,0,0,0,0,0,0,0,0,2,0,0,0,0
7,chase.com,0,0,2,0,0,0,0,0,0,0,0,0,0,0,0
7,pages.tmall.com,0,0,2,0,0,0,0,0,0,0,0,0,0,0,0
7,ebay.de,0,0,2,0,0,0,0,0,0,0,0,0,0,0,0
7,google.gr,0,0,0,0,0,0,0,0,0,0,0,0,2,0,0
7,quora.com,0,0,0,0,0,0,1,0,1,0,0,0,0,0,0
7,thestartmagazine.com,0,0,2,0,0,0,0,0,0,0,0,0,0,0,0
7,babytree.com,0,0,2,0,0,0,0,0,0,0,0,0,0,0,0
7,google.com.eg,0,0,1,0,0,0,0,0,0,0,1,0,0,0,0
7,onlinesbi.com,0,0,2,0,0,0,0,0,0,0,0,0,0,0,0
7,txxx.com,0,0,1,0,1,0,0,0,0,0,0,0,0,0,0
7,ebay.com,0,0,1,0,1,0,0,0,0,0,0,0,0,0,0
7,amazon.co.uk,0,0,2,0,0,0,0,0,0,0,0,0,0,0,0
7,wetransfer.com,0,0,1,0,1,0,0,0,0,0,0,0,0,0,0
7,roblox.com,0,0,1,0,1,0,0,0,0,0,0,0,0,0,0
7,detail.tmall.com,0,0,2,0,0,0,0,0,0,0,0,0,0,0,0
7,xinhuanet.com,0,0,2,0,0,0,0,0,0,0,0,0,0,0,0
7,scribd.com,0,0,1,0,1,0,0,0,0,0,0,0,0,0,0
7,godaddy.com,0,0,1,1,0,0,0,0,0,0,0,0,0,0,1
7,ask.com,0,0,2,0,0,0,0,0,0,0,0,0,0,0,0
7,iqiyi.com,0,0,2,0,0,0,0,0,0,0,0,0,0,0,0
7,force.com,0,0,2,0,0,0,0,0,0,0,0,0,0,0,0
7,panda.tv,0,0,2,0,0,0,0,0,0,0,0,0,0,0,0
7,adobe.com,0,0,0,0,0,0,0,0,1,0,1,0,0,0,0
7,imdb.com,0,0,2,0,0,0,0,0,0,0,0,0,0,0,0
7,vice.com,0,0,2,0,0,0,0,0,0,0,0,0,0,0,0
7,whatsapp.com,0,0,1,0,1,0,0,0,0,0,0,0,0,0,0
7,rakuten.co.jp,0,0,2,0,0,0,0,0,0,0,0,0,0,0,0
7,google.com.tw,0,0,0,0,1,0,0,0,0,0,0,0,1,0,0
7,linkedin.com,0,0,2,0,0,0,0,0,0,0,0,0,0,0,0
7,theguardian.com,0,0,2,0,0,0,0,0,0,0,0,0,0,0,0
7,bongacams.com,0,0,2,0,0,0,0,0,0,0,0,0,0,0,0
7,w3schools.com,0,0,1,0,0,0,0,0,1,0,0,0,0,0,0
7,google.com.ua,0,0,0,0,1,0,0,0,0,0,0,0,1,0,0
7,soundcloud.com,0,0,0,0,0,0,0,0,1,0,1,0,0,0,0
7,so.com,0,0,2,0,0,0,0,0,0,0,0,0,0,0,0
7,ok.ru,0,0,2,0,0,0,0,0,0,0,0,0,0,0,0
7,google.es,0,0,0,0,0,0,0,0,0,0,1,0,1,0,0
7,amazon.com,0,0,0,0,0,0,0,0,0,0,1,0,1,0,0
7,google.co.jp,0,0,0,0,0,0,0,0,0,0,0,0,2,0,0
7,avito.ru,0,0,1,0,0,0,0,0,0,0,1,0,0,0,0
7,mercadolivre.com.br,0,0,2,0,0,0,0,0,0,0,0,0,0,0,0
7,stackexchange.com,0,0,1,0,1,0,0,0,0,0,0,0,0,0,0
7,google.com.pk,0,0,0,0,0,0,0,0,0,0,2,0,0,0,0
7,login.tmall.com,0,0,0,0,1,0,0,0,1,0,0,0,0,0,0
7,yandex.ru,0,0,0,0,1,0,0,0,0,0,1,0,0,0,0
7,google.com.co,0,0,0,0,0,0,0,0,0,0,0,0,2,0,0
7,softonic.com,0,0,2,0,0,0,0,0,0,0,0,0,0,0,0
7,etsy.com,0,0,1,0,1,0,0,0,0,0,0,0,0,0,0
7,tribunnews.com,0,0,2,0,0,0,0,0,0,0,0,0,0,0,0
7,researchgate.net,0,0,0,0,1,0,0,0,0,0,1,0,0,0,0
7,chaturbate.com,0,0,2,0,0,0,0,0,0,0,0,0,0,0,0
7,amazon.in,0,0,1,0,1,0,0,0,0,0,0,0,0,0,0
7,google.com.au,0,0,0,0,0,0,1,0,0,0,1,0,0,0,0
7,zhanqi.tv,0,0,1,1,0,0,0,0,0,0,0,0,0,0,1
7,yahoo.com,0,0,0,0,2,0,0,0,0,0,0,0,0,0,0
7,google.com.sg,0,0,0,0,0,0,0,0,0,0,1,0,1,0,0
7,google.com,0,0,0,0,0,0,0,0,0,0,1,0,1,0,0
7,openload.co,0,0,1,0,1,0,0,0,0,0,0,0,0,0,0
7,uol.com.br,0,0,2,0,0,0,0,0,0,0,0,0,0,0,0
7,craigslist.org,0,0,2,0,0,0,0,0,0,0,0,0,0,0,0
7,baidu.com,0,0,0,0,1,0,0,0,0,0,1,0,0,0,0
7,google.com.hk,0,0,1,0,0,0,0,0,1,0,0,0,0,0,0
7,google.fr,0,0,0,0,0,0,0,0,0,0,0,0,2,0,0
7,bing.com,0,0,2,0,0,0,0,0,0,0,0,0,0,0,0
7,nicovideo.jp,0,0,2,0,0,0,0,0,0,0,0,0,0,0,0
7,bbc.com,0,0,2,0,0,0,0,0,0,0,0,0,0,0,0
7,espn.com,0,0,2,0,0,0,0,0,0,0,0,0,0,0,0
7,google.co.id,0,0,0,0,0,0,0,0,1,0,1,0,0,0,0
7,wikihow.com,0,0,0,0,0,0,1,0,1,0,0,0,0,0,0
7,google.com.br,0,0,0,0,0,0,0,0,1,0,1,0,0,0,0
7,microsoft.com,0,0,0,0,0,0,0,0,0,0,1,0,1,0,0
7,bbc.co.uk,0,0,2,0,0,0,0,0,0,0,0,0,0,0,0
7,google.co.za,0,0,0,0,0,0,0,0,0,0,2,0,0,0,0
7,spotify.com,0,0,0,0,1,0,0,0,1,0,0,0,0,0,0
7,mail.ru,0,0,2,0,0,0,0,0,0,0,0,0,0,0,0
7,people.com.cn,0,0,2,0,0,0,0,0,0,0,0,0,0,0,0
7,hao123.com,0,0,1,0,1,0,0,0,0,0,0,0,0,0,0
7,nih.gov,0,0,2,0,0,0,0,0,0,0,0,0,0,0,0
7,daum.net,0,0,2,0,0,0,0,0,0,0,0,0,0,0,0
7,twitch.tv,0,0,2,0,0,0,0,0,0,0,0,0,0,0,0
7,sohu.com,0,0,2,0,0,0,0,0,0,0,0,0,0,0,0
7,imgur.com,0,0,0,0,0,0,0,0,1,0,1,0,0,0,0
7,washingtonpost.com,0,0,0,0,0,0,0,0,0,0,1,0,1,0,0
7,amazon.it,0,0,1,0,1,0,0,0,0,0,0,0,0,0,0
7,momoshop.com.tw,0,0,2,0,0,0,0,0,0,0,0,0,0,0,0
7,wikipedia.org,0,0,1,0,1,0,0,0,0,0,0,0,0,0,0
7,cnn.com,0,0,2,0,0,0,0,0,0,0,0,0,0,0,0
7,booking.com,0,0,1,0,0,0,0,0,1,0,0,0,0,0,0
7,cobalten.com,0,0,2,0,0,0,0,0,0,0,0,0,0,0,0
7,blogspot.com,0,0,0,0,0,0,0,0,0,0,1,0,1,0,0
7,google.com.ar,0,0,0,0,0,0,0,0,0,0,0,0,2,0,0
7,cnet.com,0,0,2,0,0,0,0,0,0,0,0,0,0,0,0
7,github.com,0,0,1,0,0,0,0,0,0,0,1,0,0,0,0
7,tokopedia.com,0,0,0,0,1,0,0,0,1,0,0,0,0,0,0
7,alibaba.com,0,0,2,0,0,0,0,0,0,0,0,0,0,0,0
7,zhihu.com,0,0,1,0,1,0,0,0,0,0,0,0,0,0,0
7,porn555.com,0,0,2,0,0,0,0,0,0,0,0,0,0,0,0
7,f5v1x3kgv5.com,0,0,0,2,0,0,0,0,0,0,0,0,0,0,2
7,google.ca,0,0,0,0,1,0,0,0,1,0,0,0,0,0,0
7,google.co.in,0,0,0,0,0,0,0,0,0,0,1,0,1,0,0
7,fc2.com,0,0,0,0,0,0,1,0,0,0,1,0,0,0,0
7,amazon.de,0,0,2,0,0,0,0,0,0,0,0,0,0,0,0
7,nytimes.com,0,0,2,0,0,0,0,0,0,0,0,0,0,0,0
9,tribunnews.com,0,0,2,0,0,0,0,0,0,0,0,0,0,0,0
9,google.com.ua,0,0,0,0,1,0,0,0,0,0,0,0,1,0,0
9,gmw.cn,0,0,1,0,1,0,0,0,0,0,0,0,0,0,0
9,theguardian.com,0,0,2,0,0,0,0,0,0,0,0,0,0,0,0
9,google.com.mx,0,0,0,0,0,0,0,0,0,0,0,0,2,0,0
9,discordapp.com,0,0,1,0,0,0,0,0,1,0,0,0,0,0,0
9,godaddy.com,0,0,1,1,0,0,0,0,0,0,0,0,0,0,1
9,google.com,0,0,0,0,0,0,0,0,0,0,1,0,1,0,0
9,babytree.com,0,0,2,0,0,0,0,0,0,0,0,0,0,0,0
9,google.com.eg,0,0,1,0,0,0,0,0,0,0,1,0,0,0,0
9,google.co.id,0,0,0,0,0,0,0,0,2,0,0,0,0,0,0
9,google.com.hk,0,0,1,0,0,0,0,0,1,0,0,0,0,0,0
9,google.it,0,0,0,0,0,0,0,0,0,0,1,0,1,0,0
9,google.fr,0,0,0,0,0,0,0,0,0,0,1,0,1,0,0
9,popads.net,0,0,2,0,0,0,0,0,0,0,0,0,0,0,0
9,washingtonpost.com,0,0,0,0,0,0,0,0,0,0,2,0,0,0,0
9,amazonaws.com,0,0,2,0,0,0,0,0,0,0,0,0,0,0,0
9,huanqiu.com,0,0,2,0,0,0,0,0,0,0,0,0,0,0,0
9,google.com.vn,0,0,0,0,0,0,0,0,0,0,0,0,2,0,0
9,google.de,0,0,1,0,0,0,0,0,0,0,1,0,0,0,0
9,dropbox.com,0,0,1,0,0,0,0,0,1,0,0,0,0,0,0
9,fc2.com,0,0,0,0,0,0,0,0,2,0,0,0,0,0,0
9,openload.co,0,0,1,0,1,0,0,0,0,0,0,0,0,0,0
9,detail.tmall.com,0,0,2,0,0,0,0,0,0,0,0,0,0,0,0
9,google.com.pk,0,0,0,0,0,0,0,0,0,0,2,0,0,0,0
9,google.com.sg,0,0,0,0,0,0,0,0,0,0,1,0,1,0,0
9,uol.com.br,0,0,2,0,0,0,0,0,0,0,0,0,0,0,0
9,china.com.cn,0,0,2,0,0,0,0,0,0,0,0,0,0,0,0
9,onlinesbi.com,0,0,2,0,0,0,0,0,0,0,0,0,0,0,0
9,chase.com,0,0,2,0,0,0,0,0,0,0,0,0,0,0,0
9,panda.tv,0,0,2,0,0,0,0,0,0,0,0,0,0,0,0
9,researchgate.net,0,0,0,0,1,0,0,0,1,0,0,0,0,0,0
9,office.com,0,0,0,0,0,0,0,0,1,0,1,0,0,0,0
9,chaturbate.com,0,0,2,0,0,0,0,0,0,0,0,0,0,0,0
9,google.com.co,0,0,0,0,0,0,0,0,0,0,0,0,2,0,0
9,google.co.in,0,0,0,0,0,0,0,0,0,0,1,0,1,0,0
9,amazon.fr,0,0,0,0,1,0,0,0,1,0,0,0,0,0,0
9,facebook.com,0,0,1,0,0,0,0,0,0,0,0,0,1,0,0
9,gearbest.com,0,0,2,0,0,0,0,0,0,0,0,0,0,0,0
9,xvideos.com,0,0,0,0,0,0,0,0,1,0,1,0,0,0,0
9,detik.com,0,0,2,0,0,0,0,0,0,0,0,0,0,0,0
9,microsoft.com,0,0,0,0,0,0,0,0,0,0,2,0,0,0,0
9,imgur.com,0,0,0,0,0,0,0,0,2,0,0,0,0,0,0
9,apple.com,0,0,1,0,0,0,0,0,0,0,1,0,0,0,0
9,google.gr,0,0,0,0,0,0,0,0,0,0,0,0,2,0,0
9,rakuten.co.jp,0,0,2,0,0,0,0,0,0,0,0,0,0,0,0
9,login.tmall.com,0,0,0,0,1,0,0,0,1,0,0,0,0,0,0
9,stackoverflow.com,0,0,2,0,0,0,0,0,0,0,0,0,0,0,0
9,f5v1x3kgv5.com,0,0,0,2,0,0,0,0,0,0,0,0,0,0,2
9,ebay.co.uk,0,0,1,0,0,0,0,0,1,0,0,0,0,0,0
9,quora.com,0,0,0,0,0,0,1,0,1,0,0,0,0,0,0
9,google.co.th,0,0,1,0,1,0,0,0,0,0,0,0,0,0,0
9,zhihu.com,0,0,1,0,1,0,0,0,0,0,0,0,0,0,0
9,yahoo.co.jp,0,0,2,0,0,0,0,0,0,0,0,0,0,0,0
9,eastday.com,0,0,2,0,0,0,0,0,0,0,0,0,0,0,0
9,bukalapak.com,0,0,2,0,0,0,0,0,0,0,0,0,0,0,0
9,nih.gov,0,0,2,0,0,0,0,0,0,0,0,0,0,0,0
9,xinhuanet.com,0,0,2,0,0,0,0,0,0,0,0,0,0,0,0
9,mail.ru,0,0,2,0,0,0,0,0,0,0,0,0,0,0,0
9,youtube.com,0,0,2,0,0,0,0,0,0,0,0,0,0,0,0
9,walmart.com,0,0,0,0,1,0,1,0,0,0,0,0,0,0,0
9,softonic.com,0,0,2,0,0,0,0,0,0,0,0,0,0,0,0
9,fbcdn.net,0,0,0,0,1,0,0,0,1,0,0,0,0,0,0
9,ebay.com,0,0,1,0,1,0,0,0,0,0,0,0,0,0,0
9,1688.com,0,0,2,0,0,0,0,0,0,0,0,0,0,0,0
9,indeed.com,0,0,1,0,0,0,0,0,0,0,1,0,0,0,0
9,baidu.com,0,0,0,0,0,0,0,0,0,0,2,0,0,0,0
9,booking.com,0,0,1,0,0,0,0,0,1,0,0,0,0,0,0
9,cnblogs.com,0,0,2,0,0,0,0,0,0,0,0,0,0,0,0
9,flipkart.com,0,0,0,0,0,0,0,0,1,0,1,0,0,0,0
9,wetransfer.com,0,0,1,0,1,0,0,0,0,0,0,0,0,0,0
9,github.com,0,0,1,0,0,0,0,0,1,0,0,0,0,0,0
9,tumblr.com,0,0,2,0,0,0,0,0,0,0,0,0,0,0,0
9,jianshu.com,0,0,2,0,0,0,0,0,0,0,0,0,0,0,0
9,alibaba.com,0,0,2,0,0,0,0,0,0,0,0,0,0,0,0
9,salesforce.com,0,0,2,0,0,0,0,0,0,0,0,0,0,0,0
9,t.co,0,0,2,0,0,0,0,0,0,0,0,0,0,0,0
9,google.az,0,0,0,0,0,0,0,0,0,0,0,0,2,0,0
9,stackexchange.com,0,0,1,0,0,0,0,0,1,0,0,0,0,0,0
9,momoshop.com.tw,0,0,2,0,0,0,0,0,0,0,0,0,0,0,0
9,force.com,0,0,2,0,0,0,0,0,0,0,0,0,0,0,0
9,bing.com,0,0,2,0,0,0,0,0,0,0,0,0,0,0,0
9,jd.com,0,0,2,0,0,0,0,0,0,0,0,0,0,0,0
9,shutterstock.com,0,0,0,0,2,0,0,0,0,0,0,0,0,0,0
9,speakol.com,0,0,1,0,1,0,0,0,0,0,0,0,0,0,0
9,reddit.com,0,0,1,0,0,0,0,0,0,0,0,0,1,0,0
9,scribd.com,0,0,1,0,0,0,0,0,1,0,0,0,0,0,0
9,people.com.cn,0,0,2,0,0,0,0,0,0,0,0,0,0,0,0
9,google.co.kr,0,0,0,0,0,0,0,0,0,0,0,0,2,0,0
9,instructure.com,0,0,2,0,0,0,0,0,0,0,0,0,0,0,0
9,aliexpress.com,0,0,1,0,1,0,0,0,0,0,0,0,0,0,0
9,vk.com,0,0,1,0,0,0,0,0,1,0,0,0,0,0,0
9,msn.com,0,0,2,0,0,0,0,0,0,0,0,0,0,0,0
9,google.com.tr,0,0,0,0,1,0,0,0,0,0,0,0,1,0,0
9,amazon.in,0,0,1,0,1,0,0,0,0,0,0,0,0,0,0
9,thestartmagazine.com,0,0,2,0,0,0,0,0,0,0,0,0,0,0,0
9,amazon.com,0,0,0,0,0,0,0,0,0,0,1,0,1,0,0
9,cobalten.com,0,0,2,0,0,0,0,0,0,0,0,0,0,0,0
9,weibo.com,0,0,2,0,0,0,0,0,0,0,0,0,0,0,0
9,imdb.com,0,0,2,0,0,0,0,0,0,0,0,0,0,0,0
9,spotify.com,0,0,0,0,1,0,0,0,1,0,0,0,0,0,0
9,sohu.com,0,0,2,0,0,0,0,0,0,0,0,0,0,0,0
9,espn.com,0,0,2,0,0,0,0,0,0,0,0,0,0,0,0
9,sogou.com,0,0,0,0,1,0,0,0,1,0,0,0,0,0,0
9,linkedin.com,0,0,2,0,0,0,0,0,0,0,0,0,0,0,0
9,globo.com,0,0,2,0,0,0,0,0,0,0,0,0,0,0,0
9,hao123.com,0,0,1,0,1,0,0,0,0,0,0,0,0,0,0
9,google.com.au,0,0,0,0,0,0,1,0,0,0,1,0,0,0,0
9,instagram.com,0,0,2,0,0,0,0,0,0,0,0,0,0,0,0
9,roblox.com,0,0,1,0,1,0,0,0,0,0,0,0,0,0,0
9,google.com.ph,0,0,0,0,1,0,0,0,0,0,1,0,0,0,0
9,google.co.uk,0,0,0,0,1,0,0,0,0,0,0,0,1,0,0
9,aparat.com,0,0,1,0,0,0,0,0,1,0,0,0,0,0,0
9,yandex.ru,0,0,0,0,1,0,0,0,0,0,1,0,0,0,0
9,ettoday.net,0,0,2,0,0,0,0,0,0,0,0,0,0,0,0
9,avito.ru,0,0,1,0,0,0,0,0,0,0,1,0,0,0,0
9,cnn.com,0,0,2,0,0,0,0,0,0,0,0,0,0,0,0
9,twitter.com,0,0,1,0,1,0,0,0,0,0,0,0,0,0,0
9,google.ru,0,0,0,0,0,0,0,0,0,0,0,0,2,0,0
9,soso.com,0,0,0,0,0,0,0,0,1,0,1,0,0,0,0
9,csdn.net,0,0,2,0,0,0,0,0,0,0,0,0,0,0,0
9,etsy.com,0,0,1,0,1,0,0,0,0,0,0,0,0,0,0
9,tianya.cn,0,0,2,0,0,0,0,0,0,0,0,0,0,0,0
9,nicovideo.jp,0,0,2,0,0,0,0,0,0,0,0,0,0,0,0
9,so.com,0,0,2,0,0,0,0,0,0,0,0,0,0,0,0
9,google.co.za,0,0,0,0,0,0,0,0,0,0,2,0,0,0,0
9,naver.com,0,0,2,0,0,0,0,0,0,0,0,0,0,0,0
9,amazon.co.jp,0,0,1,0,0,0,0,0,0,0,1,0,0,0,0
9,taobao.com,0,0,2,0,0,0,0,0,0,0,0,0,0,0,0
9,360.cn,0,0,2,0,0,0,0,0,0,0,0,0,0,0,0
9,bilibili.com,0,0,1,0,0,0,1,0,0,0,0,0,0,0,0
9,vimeo.com,0,0,2,0,0,0,0,0,0,0,0,0,0,0,0
9,bongacams.com,0,0,2,0,0,0,0,0,0,0,0,0,0,0,0
9,google.co.ve,0,0,0,0,0,0,0,0,0,0,1,0,1,0,0
9,xhamster.com,0,0,1,0,1,0,0,0,0,0,0,0,0,0,0
9,sciencedirect.com,0,0,0,0,0,0,0,0,1,0,1,0,0,0,0
9,sina.com.cn,0,0,2,0,0,0,0,0,0,0,0,0,0,0,0
9,tmall.com,0,0,0,0,0,0,0,0,2,0,0,0,0,0,0
9,twitch.tv,0,0,2,0,0,0,0,0,0,0,0,0,0,0,0
9,google.ca,0,0,0,0,1,0,1,0,0,0,0,0,0,0,0
9,yahoo.com,0,0,0,0,1,0,1,0,0,0,0,0,0,0,0
9,bbc.com,0,0,2,0,0,0,0,0,0,0,0,0,0,0,0
9,xnxx.com,0,0,2,0,0,0,0,0,0,0,0,0,0,0,0
9,amazon.co.uk,0,0,2,0,0,0,0,0,0,0,0,0,0,0,0
9,google.pl,0,0,0,1,0,0,0,0,0,0,0,0,1,0,1
9,daum.net,0,0,2,0,0,0,0,0,0,0,0,0,0,0,0
9,tokopedia.com,0,0,0,0,1,0,0,0,1,0,0,0,0,0,0
9,iqiyi.com,0,0,2,0,0,0,0,0,0,0,0,0,0,0,0
9,wordpress.com,0,0,1,0,0,0,1,0,0,0,0,0,0,0,0
9,mediafire.com,0,0,0,0,0,0,0,0,2,0,0,0,0,0,0
9,nytimes.com,0,0,2,0,0,0,0,0,0,0,0,0,0,0,0
9,google.cn,0,0,1,0,1,0,0,0,0,0,0,0,0,0,0
9,wikihow.com,0,0,0,0,0,0,1,0,1,0,0,0,0,0,0
9,adobe.com,0,0,0,0,0,0,0,0,1,0,1,0,0,0,0
9,ask.com,0,0,2,0,0,0,0,0,0,0,0,0,0,0,0
9,amazon.de,0,0,2,0,0,0,0,0,0,0,0,0,0,0,0
9,pixnet.net,0,0,1,0,1,0,0,0,0,0,0,0,0,0,0
9,google.co.jp,0,0,0,0,0,0,0,0,0,0,0,0,2,0,0
9,vice.com,0,0,2,0,0,0,0,0,0,0,0,0,0,0,0
9,pinterest.com,0,0,0,0,0,0,0,0,2,0,0,0,0,0,0
9,google.com.ar,0,0,0,0,0,0,0,0,0,0,0,0,2,0,0
9,zhanqi.tv,0,0,1,1,0,0,0,0,0,0,0,0,0,0,1
9,whatsapp.com,0,0,1,0,1,0,0,0,0,0,0,0,0,0,0
9,kompas.com,0,0,2,0,0,0,0,0,0,0,0,0,0,0,0
9,pages.tmall.com,0,0,2,0,0,0,0,0,0,0,0,0,0,0,0
9,google.com.sa,0,0,0,0,0,0,0,0,1,0,1,0,0,0,0
9,soundcloud.com,0,0,0,0,0,0,0,0,1,0,1,0,0,0,0
9,porn555.com,0,0,2,0,0,0,0,0,0,0,0,0,0,0,0
9,cnet.com,0,0,2,0,0,0,0,0,0,0,0,0,0,0,0
9,live.com,0,0,2,0,0,0,0,0,0,0,0,0,0,0,0
9,wikipedia.org,0,0,1,0,1,0,0,0,0,0,0,0,0,0,0
9,paypal.com,0,0,0,0,0,0,0,0,1,0,1,0,0,0,0
9,amazon.it,0,0,1,0,1,0,0,0,0,0,0,0,0,0,0
9,google.com.tw,0,0,0,0,1,0,0,0,0,0,0,0,1,0,0
9,mercadolivre.com.br,0,0,2,0,0,0,0,0,0,0,0,0,0,0,0
9,ok.ru,0,0,2,0,0,0,0,0,0,0,0,0,0,0,0
9,alipay.com,0,0,0,0,1,0,1,0,0,0,0,0,0,0,0
9,ebay.de,0,0,1,0,1,0,0,0,0,0,0,0,0,0,0
9,google.com.br,0,0,0,0,0,0,0,0,0,0,2,0,0,0,0
9,google.co.ao,0,0,0,0,0,0,0,0,0,0,1,0,1,0,0
9,craigslist.org,0,0,2,0,0,0,0,0,0,0,0,0,0,0,0
9,wikia.com,0,0,2,0,0,0,0,0,0,0,0,0,0,0,0
9,medium.com,0,0,0,0,0,0,0,0,0,0,2,0,0,0,0
9,bbc.co.uk,0,0,2,0,0,0,0,0,0,0,0,0,0,0,0
9,google.es,0,0,0,0,0,0,0,0,0,0,2,0,0,0,0
9,blogspot.com,0,0,0,0,0,0,0,0,0,0,1,0,1,0,0
9,qq.com,0,0,0,0,0,0,0,0,1,0,1,0,0,0,0
9,pornhub.com,0,0,0,0,0,0,0,0,2,0,0,0,0,0,0
9,txxx.com,0,0,1,0,1,0,0,0,0,0,0,0,0,0,0
9,w3schools.com,0,0,1,0,0,0,1,0,0,0,0,0,0,0,0
9,livejasmin.com,0,0,2,0,0,0,0,0,0,0,0,0,0,0,0
9,dailymotion.com,0,0,2,0,0,0,0,0,0,0,0,0,0,0,0
9,liputan6.com,0,0,1,0,1,0,0,0,0,0,0,0,0,0,0
9,netflix.com,0,0,2,0,0,0,0,0,0,0,0,0,0,0,0
